id,company,state,website,email,reason
6,LA Laser Cutting,California,https://lalasercutting.com/,,not an email
7,Jimani Inc.,California,https://www.jimani-inc.com/laser-engraving-services/los-angeles,,not an email
8,"Universal Marking, Inc.",California,https://www.laserengravingservices.net/los-angeles-california-etching-marking,,not an email
10,Vision Engraving Enterprises,California,https://www.visionengraving.com/,,not an email
12,Pagoda Arts LLC,California,http://www.pagodaarts.com/,52033662@n05.jpg,looks like an asset filename
16,Inscriptu,California,https://www.inscriptu.com/,,not an email
20,Sign Design,California,https://www.signdesignoc.com/laser-engraving-and-cutting,?subject=,not an email
21,OC Laser Engraving,California,https://oclaser.com/,,not an email
22,Laser Engraver OC,California,http://www.laserengraveroc.com/,,not an email
24,Dunham Metal Processing,California,https://www.dunhammetalprocessing.com/laser-marking-laser-engraving,605a7baede844d278b89dc95ae0a9123@sentry-next.wixpress.com,platform/system/example domain
27,Laser's Edge Engraving,California,http://lasersedgeengraving.net/,,not an email
30,Mission Impossible Laser,California,https://www.missionimpossiblelaser.com/,,not an email
39,Creative Laser Engraving,Texas,https://creativelaserengraving.com/,,not an email
40,DFW Custom Engraving,Texas,https://dfwcustomengraving.com/,,not an email
42,ZLazr,Texas,http://zlazr.com/,,not an email
43,Engrave Quick,Texas,https://engravequick.com/,,not an email
45,Halsey Manufacturing,Texas,https://halseymfg.com/laser-engraving.html,,not an email
46,Signs Visual of Los Angeles,California,https://www.signs-la.com,,not an email
47,Los Angeles Sign Company,California,https://losangelesigncompany.com,,not an email
48,LA Sign Company,California,https://www.lasignco.com,,not an email
49,The Sign Studio,California,https://www.thesignstudioonline.com,,not an email
50,American Laser Cutter,California,https://www.americanlaserco.com,,not an email
51,Signs By Tomorrow Santa Clarita,California,https://www.signsbytomorrow.com/santaclarita,,not an email
52,Zap'O Marks,California,https://zapomarks.com,,not an email
53,Laser Marking Services,California,https://www.lasermarkingsvs.com,,not an email
54,RMS Laser Group,California,https://rmslaser-group.com,,not an email
55,My Sign,California,https://mysign.ms,,not an email
56,Signs Now Sacramento,California,https://www.signsnow.com/sacramento,,not an email
57,Capital City Signs,California,https://ccssac.com,,not an email
58,CalSigns,California,https://www.mycalsigns.com,,not an email
59,Pacific Sign Center,California,https://www.pacificsigncenter.com,,not an email
60,Orange County Signs,California,https://orangecountysigns.com,,not an email
61,Signs By Tomorrow,California,https://www.signsbytomorrow.com/sacramento,,not an email
62,Signa Digital Solutions,California,https://gosigna.com,,not an email
63,Houston Sign Company,Texas,https://houstonsign.com,,not an email
64,Red Bolt Laser Engraving,Texas,https://redboltlaser.com,,not an email
65,Signs West,Texas,https://signswestaustin.com,,not an email
66,Fire Light Laser,Texas,https://www.firelightlaser.com,,not an email
67,Austin Etching Services,Texas,https://www.austinetching.com,,not an email
68,Laser Engraving Pros,Texas,https://lazerengravingpros.com/austin-custom-engraving/,,not an email
69,AlphaGraphics Central Austin,Texas,https://www.alphagraphics.com/us-texas-austin-us629/laser-etching,,not an email
70,AlphaGraphics North Austin,Texas,https://www.alphagraphics.com/us-texas-austin-us371/laser-etching,,not an email
71,FlashWorks Specialties,Texas,https://flashworksspecialties.com,,not an email
72,House of Blades,Texas,https://houseofblades.com/laser-engraving-fort-worth/,,not an email
73,Custom Laser Engravers,Texas,https://customlaserengravers.com,,not an email
74,AM Tech Distributor LLC,Florida,https://amtechdistributor.com,,not an email
75,Miami Laser Engraving,Florida,https://www.miamilaserengraving.com,,not an email
76,Custom Laser Engraving,Florida,https://www.customlaserengraving.io,,not an email
77,Signs Visual of Miami,Florida,https://www.miamisigns.com,,not an email
78,Miami Sign and Wraps,Florida,https://miamisignandwraps.com,,not an email
79,South Florida Signage,Florida,https://www.southfloridasignage.com,,not an email
81,Orlando Laser Engraving,Florida,https://www.orlandolaserengraving.com,,not an email
82,GLG Art Custom Engraving,Florida,https://glgart.com,,not an email
83,Tampa Sign Company,Florida,https://www.tampasigncompany.net,,not an email
84,Southlake Signs Tampa,Florida,https://southlakesignstampa.com,,not an email
85,Amazing Sign LLC,Florida,https://amazingsignllc.com,,not an email
86,Orlando Sign Company,Florida,https://www.orlandosigncompany.org,,not an email
87,Visual Signs and Graphics,Florida,https://visualsignsandgraphics.com,,not an email
88,Orlando Laser Shop,Florida,https://orlandolasershop.com,,not an email
89,Signs By Tomorrow Jacksonville,Florida,https://www.signsbytomorrow.com/jacksonvillefl,,not an email
90,Trophy Magic / EtchMasters,Florida,https://www.trophymagic-etchmasters.com,,not an email
91,Signs By Tomorrow West Palm Beach,Florida,https://www.signsbytomorrow.com/wpb,,not an email
92,West Palm Beach Signs,Florida,https://wpbsignsfl.com,,not an email
93,Fort Lauderdale Sign Company (Bebold Sign Studio),Florida,https://www.fortlauderdalesigncompany.com,,not an email
95,Custom Signs Today,Florida,https://customsignstoday.us,,not an email
96,Industrial Laser Supply,New York,https://www.epiloglaser.com/contact/us-distributors/connecticut/industrial-laser-supply/,,not an email
99,SB Laser Engraving,New York,https://sblaserengraving.com,,not an email
100,Signs New York (Signs NYC),New York,https://signsny.com,,not an email
101,Eagle Master Signs,New York,https://www.eaglemastersigns.com,,not an email
102,Manhattan Sign Shop,New York,https://manhattansignshop.nyc,,not an email
103,SignExpo,New York,https://signexpo.com,,not an email
104,Fortuna Visual Group,New York,https://fortunavisual.com,,not an email
105,Iconic Signs & Awnings,New York,https://iconicsignsandawnings.com,,not an email
106,Brooklyn Signs,New York,https://www.brooklynsigns.com,,not an email
107,"Village Signs, Flags & Graphics",New York,https://villagesignsflagsandgraphics.com,,not an email
108,Ulrich Signs,New York,https://ulrichsigns.com,,not an email
109,Empire State Signs,New York,https://empirestatesigns.net,,not an email
110,Hum Sign Co,New York,https://humsignco.com,,not an email
111,Artifact Fabrication,New York,https://artifactfabrication.com,,not an email
112,Tecboy Labs,New York,https://tecboylabs.com,,not an email
113,Lindenmeyr Munroe,New York,https://www.lindenmeyrmunroe.com,,not an email
115,Create Cut Invent,Illinois,https://createcutinvent.com,,not an email
116,Ace Laser Tek,Illinois,https://acelasertek.com,,not an email
118,Sidcor Laser Engraving,Illinois,https://sidcorlaserengraving.com,,not an email
119,Target Laser & Machining Inc,Illinois,https://www.targetlaser.com,,not an email
120,Barak USA,Illinois,https://www.barakusa.com,,not an email
122,Windy City Signs and Graphics,Illinois,https://chicagosignsandgraphics.com,,not an email
123,FASTSIGNS of Naperville,Illinois,https://www.fastsigns.com/naperville-il,,not an email
124,Parvin-Clauss Sign Company,Illinois,https://www.parvinclauss.com,,not an email
125,Right Way Signs of Chicago,Illinois,https://www.rightwaysigns.com,,not an email
126,Chicago Sign Systems,Illinois,https://www.chicagosignsystems.com,,not an email
127,Captivating Signs,Illinois,https://www.captivatingsigns.com,,not an email
128,Signs Now Naperville,Illinois,https://www.signsnow.com/naperville,,not an email
129,Om Signs Inc,Illinois,https://omsignsinc.com,,not an email
130,Rastermark,Pennsylvania,https://www.rastermark.com/,,not an email
131,Industrial Laser Supply,Pennsylvania,http://www.ilslaser.com/,,not an email
133,Lens Laser LLC,Pennsylvania,https://lenslaserpgh.com/,,not an email
135,Pittsburgh Laser Cutting,Pennsylvania,https://www.pittsburghlasercutting.com/,,not an email
138,Fantom Laser,Pennsylvania,https://www.fantomlaser.com/,,not an email
139,Whitetail Woodcrafters,Pennsylvania,https://whitetailwc.com/laser-engraving-parts/,,not an email
141,Signs Visual of Philadelphia,Pennsylvania,https://www.philadelphiasigns.net/,,not an email
142,Philadelphia Signs & Awnings,Pennsylvania,https://signsphiladelphia.com/,,not an email
143,FASTSIGNS - Northeast Philadelphia,Pennsylvania,https://www.fastsigns.com/northeast-philadelphia-pa/,,not an email
144,Precision Sign & Awning,Pennsylvania,https://www.precisionsignandawning.com/,,not an email
145,CNS Engraving,Ohio,https://www.cnsengraving.com/,,not an email
148,Cleveland Laser Engraving,Ohio,https://engravecle.com/,,not an email
150,Laser Cutting Shapes,Ohio,https://www.lasercuttingshapes.com/,,not an email
151,Liberty-Laser.com,Ohio,http://www.liberty-laser.com/,,not an email
152,Tom's Custom Guns,Ohio,https://tomscustomguns.com/,,not an email
153,Digital Graphics & Signs,Ohio,https://godgs.com/,,not an email
154,XCom Signage,Ohio,https://www.xcomohio.com/,,not an email
155,Instant Signs Company,Ohio,https://instantsignsco.com/,,not an email
156,Sign-A-Rama Dayton,Ohio,https://www.daytonsignarama.com/,,not an email
157,L3 Sign & Image,Ohio,https://l3sign.com/akron-oh/,,not an email
158,Neo Graphics,Ohio,https://www.neo-graphics.com/,,not an email
159,Signs Now Beavercreek/Dayton,Ohio,https://www.signsnow.com/beavercreekdayton/,,not an email
160,American Plastic,Ohio,https://www.americanplasticusa.com/,,not an email
161,Titan Graphics,Ohio,https://titangraphics.com/,,not an email
162,A Sign for the Times,Ohio,https://asignforthetimes.com/,,not an email
164,Inkwell Designers,Georgia,https://www.inkwelldesigners.com,,not an email
165,Laser Tech,Georgia,https://www.lasertechatlanta.com,,not an email
166,Sonoma Laser Engraving,Georgia,https://sonomalaserengraving.com,,not an email
168,Savannah Engraving,Georgia,https://www.savannahengraving.com,,not an email
169,Savannah Laser Company,Georgia,https://savannahlasercompany.com,,not an email
170,Signs Atlanta,Georgia,https://www.signsatlanta.com,,not an email
171,FASTSIGNS of Downtown Atlanta,Georgia,https://www.fastsigns.com/downtown-atlanta-ga/,,not an email
172,FASTSIGNS of Augusta,Georgia,https://www.fastsigns.com/augusta-ga/,,not an email
173,Marietta Signs,Georgia,https://www.mariettasigns.com,,not an email
174,BlackFire Signs,Georgia,https://www.blackfiresigns.com,,not an email
175,Tangerine Sign Studio,Georgia,https://tangerinesigns.com,,not an email
176,AKO Signs,Georgia,https://akosigns.com,,not an email
177,Keen Signs & Graphics,Georgia,https://www.keensigns.com,,not an email
178,Signs of Augusta,Georgia,https://signsofaugusta.com,,not an email
182,Kzoo Laser LLC,Michigan,https://www.kzoolaser.com/,,not an email
183,Metro Detroit Laser Engraving,Michigan,https://www.metrodetroitlaserengraving.com/,,not an email
184,PrimeCore Precision,Michigan,https://www.primecoreprecision.com/,,not an email
185,West Michigan Cerakote & Laser,Michigan,https://www.westmicerakote.com/,,not an email
186,Michigan Laser Engraving,Michigan,https://milaserengraving.com/,,not an email
187,DB Graphics A2,Michigan,https://dbgraphicsa2.com/laser-engraving,,not an email
188,Awards Plus Laser Engraving,Michigan,https://www.awardsplusmi.com/,,not an email
189,FASTSIGNS of Detroit,Michigan,https://www.fastsigns.com/downtown-detroit-mi/,,not an email
191,Grand Rapids Sign Company,Michigan,https://grsigncompany.com/,,not an email
192,Icon Sign & Design,Michigan,https://iconsignservice.com/,,not an email
194,FASTSIGNS of Grand Rapids,Michigan,https://www.fastsigns.com/grand-rapids-mi/,,not an email
195,FASTSIGNS of Lansing,Michigan,https://www.fastsigns.com/lansing-mi/,,not an email
196,Dimension Graphics,Michigan,https://dimensiongraphics.com/,,not an email
197,Midwest Sign Company,Michigan,https://www.midwestsignco.com/,,not an email
198,Superior Sign Group,Michigan,https://superiorsigngroup.com/,,not an email
199,Grand River Signs,Michigan,https://grandriversigns.com/,,not an email
200,Handicap Sign Inc,Michigan,https://www.hsisign.com/,,not an email
201,Detroit Signs and Graphics,Michigan,https://detroitsignsandgraphics.com,,not an email
202,Michigan Custom Signs,Michigan,https://michigancustomsigns.com/,,not an email
203,Phillips Sign & Lighting,Michigan,https://www.phillipssign.com/,,not an email
205,Imperial Laser,Michigan,https://imperiallaser.com/,,not an email
207,Triangle Custom Laser,North Carolina,https://trianglecustomlaser.com,,not an email
209,NC Engravers,North Carolina,https://ncengravers.com,,not an email
210,QC Signs & Graphics,North Carolina,https://qcsignscharlotte.com,,not an email
211,Carolina Signs & Wonders,North Carolina,https://www.carolinasignage.com,,not an email
212,JC Signs Charlotte,North Carolina,https://jcsignscharlotte.com,,not an email
213,Elite Custom Signs,North Carolina,https://elitecustomsigns.com,,not an email
215,Bull City Signs,North Carolina,https://bullcitysigns.com,,not an email
216,FASTSIGNS of Raleigh,North Carolina,https://www.fastsigns.com/raleigh-nc/,,not an email
217,FASTSIGNS of Durham,North Carolina,https://www.fastsigns.com/durham-nc/,,not an email
218,Heritage Signs & Displays,North Carolina,https://heritagecustomsigns.com/sign-company-durham-nc.php,,not an email
219,Signarama Raleigh West/RTP,North Carolina,https://signarama.com/locations/nc-raleigh-west-rtp,,not an email
220,Sign Edge Custom Signs,North Carolina,https://signedgenc.com,,not an email
221,Rastermark (Ketchem Sales),Virginia,https://www.rastermark.com,,not an email
226,Tektonics Design Group,Virginia,https://www.tektonics.com,,not an email
227,"Le's Engravers, Inc.",Virginia,https://lesengravers.com,,not an email
228,Laser Engraving Pros,Virginia,https://lazerengravingpros.com,,not an email
230,JP Laserworks,Virginia,https://jplaserworks.com,,not an email
231,Richmond Sign Company (Converge Signs+),Virginia,https://www.richmondsigncompany.com,,not an email
233,Superior Signs,Virginia,https://superiorsignsrva.com,,not an email
234,Cardinal Sign Corporation,Virginia,https://cardinalsign.com,,not an email
235,Admiral Sign Works,Virginia,https://admiralsignworks.com,,not an email
236,FASTSIGNS of Richmond (Downtown),Virginia,https://www.fastsigns.com/downtown-richmond-va/,,not an email
237,Engravica,New Jersey,https://www.engravica.com/,,not an email
238,Samson Sign Company,New Jersey,https://samsonsign.com/,,not an email
239,Foster Engraving & Laser Co.,New Jersey,http://fosterengraving.net/,,not an email
242,Trophies Unlimited,New Jersey,https://www.trophiesunlimited.com/,,not an email
243,Jersey Laser Craft,New Jersey,https://www.jerseylasercraft.com/,,not an email
244,Prestige Laser Engraving,New Jersey,https://prestigelaserengraving.com/,,not an email
246,Performance Trophies & Medals,New Jersey,https://www.ptmedals.com/,,not an email
247,Rastermark,Maryland,https://www.epiloglaser.com/contact/us-distributors/pennsylvania/rastermark/,,not an email
250,Gable,Maryland,https://gablecompany.com/,,not an email
251,FASTSIGNS of Downtown Baltimore,Maryland,https://www.fastsigns.com/downtown-baltimore-md/,,not an email
252,Image360 Baltimore Downtown,Maryland,https://image360.com/baltimore-md-downtown,,not an email
253,My Gadget Signs,Maryland,https://mygadgetsigns.com/,,not an email
254,Baltimore Signs & Graphics,Maryland,https://baltimoresignsandgraphics.com/,,not an email
255,Heritage Printing - Sign Company,Maryland,https://heritageprinting.com/sign-company-baltimore-md.php,,not an email
256,"FASTSIGNS of Rockville, MD",Maryland,https://www.fastsigns.com/rockville-md/,,not an email
257,Rockville Sign Company,Maryland,https://rockvillesigncompany.com/,,not an email
258,ShieldCo Art,Maryland,https://shieldcoart.com/locations/rockville-maryland,,not an email
259,Signarama Rockville,Maryland,https://signarama.com/locations/md-rockville,,not an email
260,FASTSIGNS of Annapolis,Maryland,https://www.fastsigns.com/annapolis-md/,,not an email
261,Signs By Tomorrow of Annapolis,Maryland,https://www.signsbytomorrow.com/annapolis/,,not an email
262,The Sign Shop (Wheaton),Maryland,https://www.thesignshopofwheaton.com/,,not an email
263,Signarama Silver Spring,Maryland,https://signarama.com/locations/md-silver-spring,,not an email
264,Accolades Laser Engraving,Maryland,https://aleawards.com/,,not an email
265,Signarama Gaithersburg,Maryland,https://signarama.com/locations/md-gaithersburg,,not an email
266,DC Laser,Maryland,https://www.dclsr.com/,,not an email
267,J&M Laser Engraving Inc.,Massachusetts,https://www.bostonengraving.com,,not an email
268,Focused Laser Solutions,Massachusetts,https://www.focusedlaser.com,,not an email
269,Boston Digital Fabrication,Massachusetts,https://bostondigitalfab.com,,not an email
270,Rader's Engraving,Massachusetts,http://www.engraving.cc,,not an email
271,Hanks Engraving,Massachusetts,https://www.hanksengraving.net,,not an email
272,AlphaGraphics Boston Downtown,Massachusetts,https://www.alphagraphics.com/us-massachusetts-boston-us541,,not an email
273,Bryan's Design,Massachusetts,https://bryansdesign.net,,not an email
274,SC Lasersmith,Massachusetts,https://www.sclasersmith.com,,not an email
275,Digital Events Inc.,Massachusetts,https://www.digitaleventsinc.com/boston-events-on-site-laser-engraving/,,not an email
276,Boston Lasers,Massachusetts,https://bostonlasers.com,,not an email
277,Excell Solutions,Massachusetts,https://www.excellsol.com,,not an email
279,Boston Signs Company,Massachusetts,https://www.bostonsigns.com,,not an email
280,Boston Plaques Company,Massachusetts,https://www.bostonplaques.com,,not an email
281,Boston Signs & Wraps,Massachusetts,https://www.bostonsignsandwraps.com,,not an email
282,"FASTSIGNS of Quincy, MA",Massachusetts,https://www.fastsigns.com/quincy-ma,,not an email
283,Signs Now Springfield,Massachusetts,https://www.signsnow.com/springfield,,not an email
284,Signs Now Plymouth,Massachusetts,https://www.signsnow.com/plymouth,,not an email
285,Signarama Worcester,Massachusetts,https://signarama.com/locations/ma-worcester,,not an email
286,Yellow Circle Signs,Massachusetts,https://yellowcirclesigns.com,,not an email
287,Northeast Engravers Supply,Massachusetts,https://www.neslasersolutions.com,,not an email
288,Northwest Laser Systems,Washington,https://nwlasers.com/,,not an email
290,PNW Lasers,Washington,https://pnwlasers.com/,,not an email
291,Tacoma Trophy,Washington,https://tacomatrophy.com/,,not an email
292,Spokane Gifts,Washington,https://spokanegifts.com/,,not an email
293,Cascade Signs and Graphics,Washington,https://www.bellevuesigncompany.com/,,not an email
294,Morup Signs,Washington,https://morupsigns.com/,,not an email
295,Plumb Signs,Washington,https://www.plumbsigns.com/,,not an email
296,FASTSIGNS of Downtown Seattle,Washington,https://www.fastsigns.com/downtown-seattle-wa/,,not an email
297,FASTSIGNS of Seattle - Queen Anne,Washington,https://www.fastsigns.com/seattle-wa-queen-anne/,,not an email
298,FASTSIGNS of North Seattle,Washington,https://www.fastsigns.com/north-seattle-wa/,,not an email
299,FASTSIGNS of Seattle - University District,Washington,https://www.fastsigns.com/seattle-wa-university/,,not an email
300,FASTSIGNS of Burien-West Seattle,Washington,https://www.fastsigns.com/west-seattle-wa/,,not an email
301,FASTSIGNS of Silverdale,Washington,https://www.fastsigns.com/silverdale-wa/,,not an email
302,FASTSIGNS of Bellevue,Washington,https://www.fastsigns.com/bellevue-wa/,,not an email
303,SignsTec,Washington,https://signstecspokane.com/,,not an email
304,Spokane Signs and Decals,Washington,https://www.spokanesignsanddecals.com/,,not an email
305,Crossroad Sign Studio,Washington,https://crossroadsign.com/washington-sign-company/bellevue-sign-company/,,not an email
306,National Sign Corporation - Bellevue,Washington,https://www.nationalsigncorp.com/sign-company-bellevue-wa/,,not an email
307,Clearway Signs,Washington,https://clearwaysigns.com/custom-commercial-signs-bellevue/,,not an email
308,Image360 Tacoma Central,Washington,https://image360.com/tacoma-wa-central,,not an email
309,Simchuks Laser Engraving,Washington,https://www.simchuklaser.com/,,not an email
310,Recognition Avenue,Washington,https://recognitionavenue.com/awards-and-engraving/,,not an email
311,Innovative Cutting Systems,Arizona,https://www.innovativecuttingsystems.com,,not an email
313,A to Z Engraving,Arizona,https://engravingaz.com,,not an email
314,Plastifab Inc,Arizona,https://plastifab.net,,not an email
315,"Phoenix Custom Lasering, LLC",Arizona,https://www.phoenixcustomlasering.com,,not an email
316,Bazzill Engraving Company,Arizona,https://bazzillengraving.com,,not an email
317,L4 Laser Engraving,Arizona,https://l4laserengraving.com,,not an email
319,AZ Industrial Lasers,Arizona,https://azindustriallasers.com,,not an email
320,Prescott Trade Shop,Arizona,https://prescotttradeshop.com,,not an email
321,AZ Logo Laser,Arizona,https://azlogolaser.com,,not an email
322,Territorial Sign Company,Arizona,https://www.territorialsignco.com,,not an email
323,"Addisigns, Inc.",Arizona,https://addisigns.com,,not an email
324,Cook & Company Sign Makers,Arizona,https://www.cooksigns.com,,not an email
325,Double T Signs,Arizona,https://doubletsigns.com,,not an email
326,Monster Signs LLC,Arizona,https://monstersignsllc.com,,not an email
327,Graphic Impact,Arizona,https://graphic-impact.com,,not an email
328,FASTSIGNS of Tucson,Arizona,https://www.fastsigns.com/oracle-tucson-az/,,not an email
329,Signarama Tucson,Arizona,https://signarama.com/locations/az-tucson,,not an email
330,Arizona Commercial Signs,Arizona,https://arizonacommercialsigns.com,,not an email
331,Phoenix Sign Studio,Arizona,https://www.phoenixsignstudio.com,,not an email
332,CraftMaster Sign,Arizona,https://www.craftmastersign.com,,not an email
334,"Mile High Laser Engraving, LLC",Colorado,https://milehighlaserengraving.com,,not an email
337,Colorado Laser Engraving,Colorado,https://www.colaserengraving.com,,not an email
338,"Colorado Laser Technologies, Inc.",Colorado,https://www.coloradolasermarking.com,,not an email
340,Synergy Laser Engraving,Colorado,https://synergylaserengraving.com,,not an email
341,"Engraved., LLC",Colorado,https://engravedcompany.com,,not an email
342,Landace Engraving Company,Colorado,https://landacecompany.com,,not an email
343,RMI Laser,Colorado,https://rmilaser.com,,not an email
344,Krystola Laser Engraving,Colorado,https://krystolale.com,,not an email
345,Huston Graphics and Printing,Colorado,https://hustongraphicsandprinting.com,,not an email
346,Epilog Laser Corp,Colorado,https://www.epiloglaser.com,,not an email
347,Artcraft Sign Company,Colorado,https://artcraftsign.com,,not an email
348,303 Sign Company,Colorado,https://303signcompany.com,,not an email
349,Dun-Rite Signs,Colorado,https://dunritesigns.com,,not an email
350,RiNo Sign Works,Colorado,https://rinosignworks.com,,not an email
351,Summit Graphics,Colorado,https://www.summit-graphics.com,,not an email
352,SignDealz,Colorado,https://www.signdealz.com/boulder-sign-company-business-commercial-signs-colorado,,not an email
353,Fat Bison,Colorado,https://www.fatbison.com/custom-signs-colorado/,,not an email
355,Midsouth Laser Engraving,Tennessee,https://www.midsouthlaserengraving.com,,not an email
356,All Phase Laser,Tennessee,https://www.allphaselaser.com,,not an email
358,Callaghan Engraving,Tennessee,https://www.callaghanengraving.com,,not an email
359,Highland Rim Engraving LLC,Tennessee,https://hrengraving.com,,not an email
360,Burnin' Love Laser Engraving,Tennessee,https://www.burninlovelaserengraving.com,,not an email
361,Mercury Engraving LLC,Tennessee,https://www.mercuryengraving.com,,not an email
363,FASTSIGNS of Nashville,Tennessee,https://www.fastsigns.com/south-nashville-tn/,,not an email
364,Signworks Memphis,Tennessee,https://www.signworksmemphis.com,,not an email
365,Memphis Custom Signs,Tennessee,https://www.memphiscustomsigns.com,,not an email
366,Williams Sign Company,Tennessee,https://w-signs.com,,not an email
367,Franklin Sign Company,Tennessee,https://franklinsignco.com,,not an email
368,Signs Now Nashville,Tennessee,https://www.signsnow.com/nashville/engraved-signs,,not an email
369,FreshCutDesign,Tennessee,https://freshcutdesign.com,,not an email
370,Advantage Sign Co,Tennessee,https://advantagesignnashville.com,,not an email
371,Think Signs Memphis,Tennessee,https://www.thinksignsmemphis.com,,not an email
372,Signs Now Memphis,Tennessee,https://www.signsnow.com/memphis,,not an email
373,Bye Engraving Inc,Oregon,https://www.byeengraving.com,,not an email
374,MC Laser Labs,Oregon,https://www.mclaserlabs.com,,not an email
375,"Weigel's Custom Laser Engraving, Inc.",Oregon,https://weigelslaser.com,,not an email
376,Profile Laser (Roy Manufacturing),Oregon,https://profilelaser.com,,not an email
377,Portland Laser Co.,Oregon,https://portlandlaser.co,,not an email
378,"Cascade Engraving & Awards, LLC",Oregon,https://www.cascadeengraving.com,,not an email
380,Royal Awards,Oregon,https://www.royal-awards.com,,not an email
381,Bend Laser,Oregon,https://www.bend-laser.com,,not an email
384,"Architectural Metalcrafters, Inc.",Oregon,https://amcrafters.com,,not an email
385,SignCraft Signs,Oregon,https://www.signcraftpdx.com,,not an email
386,Signs Now Portland,Oregon,https://www.signsnow.com/portland,,not an email
387,SignCraft Signs PDX,Oregon,https://www.signcraftpdx.com,,not an email
388,Portland Sign Co,Oregon,https://portlandsignco.com,,not an email
389,SignWorks Signs and Graphics,Oregon,https://www.oregonsignworks.com,,not an email
392,Precision Sign & Graphics,Utah,https://www.precisionsignsutah.com,,not an email
393,Visibility Signs & Graphics,Utah,https://visibilitysign.com,,not an email
394,YESCO,Utah,https://www.yesco.com/saltlakecity/,,not an email
395,Salt Lake City Sign Company,Utah,https://www.saltlakecitysigncompany.com,,not an email
396,JC Pro Design,Utah,https://www.jcprodesign.com,,not an email
397,Sign Pro Utah,Utah,https://www.signproutah.com,,not an email
399,Stylish Engraving,Utah,https://stylishengraving.com,,not an email
401,Custom Laser Specialty (CLS),Utah,https://customlaserspecialty.com,,not an email
402,Endurance Laserworks,Utah,https://endurancelaserworks.com,,not an email
403,MD Custom Engraving,Utah,https://customengravingogden.com,,not an email
404,EtchCraft Laser,Utah,https://www.etchcraftlaser.com,,not an email
405,Sweenks Laser Engraving,Utah,https://sweenks.com,,not an email
406,Gray Skunk Inc,Utah,https://www.grayskunk.com,,not an email
407,High Value Trophy,Utah,https://www.highvaluetrophy.com,,not an email
409,Lomax Laser Service,Nevada,https://www.lomaxlaser.com,,not an email
410,MKV Customs,Nevada,https://mkvcustoms.com,,not an email
411,Philippi Family Customs,Nevada,https://pfcreno.com,,not an email
413,BVW Jewelers,Nevada,https://www.bvwjewelers.com,,not an email
414,Lazer Ladies,Nevada,https://www.lazerladies.com,,not an email
415,Sunny Side Ink,Nevada,https://sunnysideink.com,,not an email
416,Las Vegas Custom Signs,Nevada,https://lasvegascustomsigns.com,,not an email
417,YESCO,Nevada,https://www.yesco.com/lasvegas/,,not an email
418,Patrick's Signs,Nevada,https://www.patrickssigns.com,,not an email
419,FASTSIGNS of Las Vegas (Northwest),Nevada,https://www.fastsigns.com/northwest-las-vegas-nv/,,not an email
420,FASTSIGNS of Reno,Nevada,https://www.fastsigns.com/reno-nv/,,not an email
421,Sign Centers,Nevada,https://signcenters.com/,,not an email
422,Rapid Color,Nevada,https://rapidcolor.com/sign-company-las-vegas/,,not an email
423,CalNeva Sign Company,Nevada,https://www.calnevasigncompany.com/,,not an email
424,Signs By Tomorrow Reno,Nevada,https://www.signsbytomorrow.com/renosouth,,not an email
425,SilverBlu Signs & Media,Nevada,https://www.signsreno.com/,,not an email
432,ISF Signs,Indiana,https://www.isfsigns.com/,,not an email
435,Custom Sign & Engineering Inc,Indiana,https://www.customsign.bz/,,not an email
439,Northern Laser Systems,Wisconsin,https://www.epiloglaser.com/contact/us-distributors/wisconsin/northern-laser-systems/,,not an email
440,Laser Cutting Inc.,Wisconsin,https://www.lasercuttinginc.us/,,not an email
441,LaserScrib,Wisconsin,https://www.laserscrib.com/,,not an email
445,Wisconsin Engraving,Wisconsin,https://www.wi-engraving.com/,,not an email
451,Impression Signs and Graphics,Minnesota,https://impressionsigns.com/,,not an email
452,Minneapolis Sign Company,Minnesota,https://www.minneapolissigncompany.com/,,not an email
456,Cutting Edge Engraving Arts,Iowa,https://cuttingedgeengravingarts.com/,,not an email
457,American Graphics & Installations,Iowa,https://agidsm.com/product/engraving/,,not an email
461,Lazerworx Design Studio,Kansas,https://lazerworx.com/,,not an email
462,Lee Reed Engraving,Kansas,https://www.leereedengraving.com/,,not an email
465,"Awards, Plaques, Trophies, Etc.",Kentucky,https://www.awardslouky.com/custom-engraving,,not an email
468,Lexington Engraving LLC,Kentucky,https://lexingtonengraving.com/,,not an email
469,Signature Signs,Kentucky,http://signaturesigns.com/,,not an email
470,Nebraska Laser Engraving,Nebraska,http://www.nebraskalaserengraving.com/,,not an email
471,Peak Engraving,Nebraska,https://www.peakomaha.com/,,not an email
473,Signs Now Omaha,Nebraska,https://www.signsnow.com/omaha/engraved-signs,,not an email
474,Squared Away Laser Engraving,Nebraska,https://squaredawaylaserengraving.com/Default.asp,,not an email
475,MD Engraving,South Dakota,https://www.mdengravinggifts.com/,,not an email
477,Sand Scripts,South Dakota,https://www.sandscriptsusa.com/,,not an email
482,Dakota Awards,North Dakota,https://www.dakawards.com/mobile/fullsite.php?FS=true,,not an email
485,rednug LLC,Oklahoma,https://www.rednug.llc/,,not an email
486,Alpha Awards & Engraving,Oklahoma,https://alphaawardstulsa.com/,,not an email
489,Signs Now Tulsa,Oklahoma,https://www.signsnow.com/tulsa/signs/custom-plaques,,not an email
490,Signs Now Oklahoma City,Oklahoma,https://www.signsnow.com/oklahomacity/engraved-signs,,not an email
494,Montana Laser,Montana,https://montanalaserengraving.com/,,not an email
495,Double G Engraving,Montana,https://www.doublegengraving.com/,,not an email
496,Signs of Montana,Montana,https://www.signsofmontana.com/,,not an email
500,Little Shop of Laser,Idaho,https://www.littleshopoflaser.com/,,not an email
501,Imagine Laser Designs,Idaho,https://www.imaginelaserdesigns.com/,,not an email
503,Jim's Trophy Room,Idaho,https://jimstrophy.com/,,not an email
504,Custom Den,Idaho,https://customden.com/,,not an email
509,Easyl Engraving,Alabama,https://easylengraving.com/,,not an email
512,Alaska Serigraphics,Alaska,https://akserigraphics.com/services/laser.engraving/,,not an email
517,CT Laser & Engraving,Connecticut,https://www.ctpartmarking.com/services,,not an email
518,Pauway Corp.,Connecticut,https://www.pauwaycorp.com/laser-marking-a-engraving.html,,not an email
521,Insta Signs Plus,Delaware,https://instasignsplus.com/engraving/,,not an email
522,Maui Engraving,Hawaii,http://www.mauiengraving.com/,,not an email
526,Trinity Graphx Signs,Louisiana,https://www.trinitygraphx.com/laser-printing,,not an email
531,Signature Signs,Missouri,https://signaturesigns-stl.com/products-services/laser-engraving/,,not an email
543,Rainbow Creations,Rhode Island,https://rainbowcreations.com/,,not an email
547,Vermont Awards & Engraving,Vermont,https://vermontawards.com/,,not an email
549,"Initial Ideas, Inc.",Vermont,https://www.initialideasvt.com/trophies-engraving,,not an email
550,Emblazon Sign Company,West Virginia,https://emblazonsignco.com/services/engraving/,,not an email
