company,country,state,category,website,email,phone,address
Modelcraft Laser,Australia,New South Wales,Engraver,https://mclaser.com.au/,sales@mclaser.com.au,,"New South Wales, Australia"
Creative Spot NT,Australia,Northern Territory,Engraver,https://creativespotnt.com.au/,info@creativespotnt.com.au,,"Northern Territory, Australia"
Territory Engraving,Australia,Northern Territory,Engraver,https://territoryengraving.com.au/,sales@territoryengraving.com.au,,"Northern Territory, Australia"
Grand Engrave,Australia,Queensland,Engraver,https://grandengrave.com.au/,home@grandengrave.com.au,,"Queensland, Australia"
Verge Laser,Australia,Queensland,Engraver,https://vergelaser.com.au/,info@vergelaser.com.au,,"Queensland, Australia"
Phrax Laser,Australia,South Australia,Engraver,https://phraxlaser.com.au/,info@phraxlaser.com.au,,"South Australia, Australia"
Australian Engraving,Australia,Victoria,Engraver,https://australianengraving.com.au/,info@australianengraving.com.au,,"Victoria, Australia"
Melbourne City Engraving,Australia,Victoria,Engraver,https://melbournecityengraving.com.au/,phillip@melbournecityengraving.com.au,,"Victoria, Australia"
Melbourne Engraving,Australia,Victoria,Engraver,https://melbourneengraving.com.au/,info@melbourneengraving.com.au,,"Victoria, Australia"
VR Laser,Australia,Victoria,Engraver,https://vr-laser.com.au/,info@vr-laser.com.au,,"Victoria, Australia"
Kanyana Engineering,Australia,Western Australia,Engraver,https://kanyanaengineering.com.au/,sales@kanyanaengineering.com,,"Western Australia, Australia"
PCI Laser Cutting,Australia,Western Australia,Engraver,https://pcilasercutting.com.au/,hello@pcilasercutting.com.au,,"Western Australia, Australia"
WA Engraving,Australia,Western Australia,Engraver,https://waengraving.com.au/,sales@waengraving.com.au,,"Western Australia, Australia"
Artcom Fabrication,Australia,Western Australia,Sign Company,https://artcomfabrication.com.au/,info@artcomfabrication.com.au,,"Western Australia, Australia"
