id,company,state,website,email,score,source_kind,source_url,reasons
10,Vision Engraving Enterprises,California,https://www.visionengraving.com/,president@visionengraving.com,85,visible,https://www.visionengraving.com/contact/,found as visible; visible page text; email domain matches website; found on contact/about-style page
100,Signs New York (Signs NYC),New York,https://signsny.com,sales@signsny.com,100,mailto,https://signsny.com,found as mailto; mailto link; email domain matches website; useful contact role
101,Eagle Master Signs,New York,https://www.eaglemastersigns.com,info@eaglemastersigns.com,100,mailto,https://www.eaglemastersigns.com/contact-us/,found as mailto; mailto link; email domain matches website; useful contact role; found on contact/about-style page
102,Manhattan Sign Shop,New York,https://manhattansignshop.nyc,sales@manhattansignshop.nyc,100,mailto,https://manhattansignshop.nyc,found as mailto; mailto link; email domain matches website; useful contact role
103,SignExpo,New York,https://signexpo.com,signs@signexpo.com,100,mailto,https://signexpo.com/about-us-3/,found as mailto; mailto link; email domain matches website; found on contact/about-style page
106,Brooklyn Signs,New York,https://www.brooklynsigns.com,info@brooklynsigns.com,100,mailto,https://www.brooklynsigns.com,found as mailto; mailto link; email domain matches website; useful contact role
109,Empire State Signs,New York,https://empirestatesigns.net,dennis@empirestatesigns.net,100,mailto,http://empirestatesigns.net/about/,found as mailto; mailto link; email domain matches website; found on contact/about-style page
110,Hum Sign Co,New York,https://humsignco.com,info@humsignco.com,100,mailto,https://humsignco.com/contact/,found as mailto; mailto link; email domain matches website; useful contact role; found on contact/about-style page
111,Artifact Fabrication,New York,https://artifactfabrication.com,sales@artifactfabrication.com,100,mailto,https://artifactfabrication.com,found as mailto; mailto link; email domain matches website; useful contact role
118,Sidcor Laser Engraving,Illinois,https://sidcorlaserengraving.com,info@sidcorlaserengraving.com,100,mailto,https://sidcorlaserengraving.com,found as mailto; mailto link; email domain matches website; useful contact role
119,Target Laser & Machining Inc,Illinois,https://www.targetlaser.com,info@targetlaser.com,100,mailto,https://www.targetlaser.com,found as mailto; mailto link; email domain matches website; useful contact role
12,Pagoda Arts LLC,California,http://www.pagodaarts.com/,info@pagodaarts.com,100,mailto,http://www.pagodaarts.com/,found as mailto; mailto link; email domain matches website; useful contact role
120,Barak USA,Illinois,https://www.barakusa.com,info@barakusa.com,100,cloudflare,https://www.barakusa.com/contact-us/,found as cloudflare; cloudflare-protected email; email domain matches website; useful contact role; found on contact/about-style page
125,Right Way Signs of Chicago,Illinois,https://www.rightwaysigns.com,sales@rightwaysigns.com,100,mailto,https://www.rightwaysigns.com/quote,found as mailto; mailto link; email domain matches website; useful contact role; found on contact/about-style page
126,Chicago Sign Systems,Illinois,https://www.chicagosignsystems.com,phil@chicagosignsystems.com,90,mailto,https://www.chicagosignsystems.com,found as mailto; mailto link; email domain matches website
129,Om Signs Inc,Illinois,https://omsignsinc.com,csr@omsignsinc.com,85,visible,https://omsignsinc.com/contact/,found as visible; visible page text; email domain matches website; found on contact/about-style page
131,Industrial Laser Supply,Pennsylvania,http://www.ilslaser.com/,info@ilslaser.com,100,mailto,http://www.ilslaser.com/,found as mailto; mailto link; email domain matches website; useful contact role
135,Pittsburgh Laser Cutting,Pennsylvania,https://www.pittsburghlasercutting.com/,quote@pittsburghlasercutting.com,100,mailto,https://www.pittsburghlasercutting.com/contact,found as mailto; mailto link; email domain matches website; found on contact/about-style page
138,Fantom Laser,Pennsylvania,https://www.fantomlaser.com/,sales@fantomlaser.com,100,mailto,https://www.fantomlaser.com/,found as mailto; mailto link; email domain matches website; useful contact role
139,Whitetail Woodcrafters,Pennsylvania,https://whitetailwc.com/laser-engraving-parts/,whitetail@whitetailwc.com,95,cloudflare,https://whitetailwc.com/contact-us/,found as cloudflare; cloudflare-protected email; email domain matches website; found on contact/about-style page
141,Signs Visual of Philadelphia,Pennsylvania,https://www.philadelphiasigns.net/,info@philadelphiasigns.net,95,visible,https://www.philadelphiasigns.net/contact,found as visible; visible page text; email domain matches website; useful contact role; found on contact/about-style page
145,CNS Engraving,Ohio,https://www.cnsengraving.com/,sales@cnsengraving.com,100,mailto,https://www.cnsengraving.com/,found as mailto; mailto link; email domain matches website; useful contact role
150,Laser Cutting Shapes,Ohio,https://www.lasercuttingshapes.com/,info@lasercuttingshapes.com,100,cloudflare,https://www.lasercuttingshapes.com/contact,found as cloudflare; cloudflare-protected email; email domain matches website; useful contact role; found on contact/about-style page
151,Liberty-Laser.com,Ohio,http://www.liberty-laser.com/,sales@liberty-laser.com,100,mailto,http://www.liberty-laser.com/html/contact.html,found as mailto; mailto link; email domain matches website; useful contact role; found on contact/about-style page
153,Digital Graphics & Signs,Ohio,https://godgs.com/,ali@godgs.com,85,visible,https://godgs.com/pages/contact-us,found as visible; visible page text; email domain matches website; found on contact/about-style page
154,XCom Signage,Ohio,https://www.xcomohio.com/,info@xcomohio.com,95,visible,https://www.xcomohio.com/contact.asp,found as visible; visible page text; email domain matches website; useful contact role; found on contact/about-style page
155,Instant Signs Company,Ohio,https://instantsignsco.com/,info@instantsignsco.com,100,mailto,https://instantsignsco.com/,found as mailto; mailto link; email domain matches website; useful contact role
156,Sign-A-Rama Dayton,Ohio,https://www.daytonsignarama.com/,info@daytonsignarama.com,100,mailto,https://www.daytonsignarama.com/,found as mailto; mailto link; email domain matches website; useful contact role
157,L3 Sign & Image,Ohio,https://l3sign.com/akron-oh/,mark@l3sign.com,100,mailto,https://l3sign.com/contact/,found as mailto; mailto link; email domain matches website; found on contact/about-style page
158,Neo Graphics,Ohio,https://www.neo-graphics.com/,steve@neo-graphics.com,95,cloudflare,https://www.neo-graphics.com/contact.html,found as cloudflare; cloudflare-protected email; email domain matches website; found on contact/about-style page
16,Inscriptu,California,https://www.inscriptu.com/,projects@inscriptu.com,85,visible,https://www.inscriptu.com/contact-us.html,found as visible; visible page text; email domain matches website; found on contact/about-style page
160,American Plastic,Ohio,https://www.americanplasticusa.com/,jay@americanplasticusa.com,100,mailto,https://www.americanplasticusa.com/services/,found as mailto; mailto link; email domain matches website; found on contact/about-style page
161,Titan Graphics,Ohio,https://titangraphics.com/,sales@titangraphics.com,100,mailto,https://titangraphics.com/,found as mailto; mailto link; email domain matches website; useful contact role
164,Inkwell Designers,Georgia,https://www.inkwelldesigners.com,desiree@inkwelldesigners.com,100,mailto,https://www.inkwelldesigners.com/3d-design-and-printing-services/,found as mailto; mailto link; email domain matches website; found on contact/about-style page
166,Sonoma Laser Engraving,Georgia,https://sonomalaserengraving.com,whatsup@sonomalaserengraving.com,100,mailto,https://sonomalaserengraving.com/pages/contact,found as mailto; mailto link; email domain matches website; found on contact/about-style page
168,Savannah Engraving,Georgia,https://www.savannahengraving.com,sales@savannahengraving.com,100,cloudflare,https://www.savannahengraving.com/about-us.html,found as cloudflare; cloudflare-protected email; email domain matches website; useful contact role; found on contact/about-style page
171,FASTSIGNS of Downtown Atlanta,Georgia,https://www.fastsigns.com/downtown-atlanta-ga/,200@fastsigns.com,100,mailto,https://www.fastsigns.com/downtown-atlanta-ga/about-us/,found as mailto; mailto link; email domain matches website; found on contact/about-style page
172,FASTSIGNS of Augusta,Georgia,https://www.fastsigns.com/augusta-ga/,72@fastsigns.com,100,mailto,https://www.fastsigns.com/augusta-ga/about-us/,found as mailto; mailto link; email domain matches website; found on contact/about-style page
173,Marietta Signs,Georgia,https://www.mariettasigns.com,info@mariettasigns.com,100,mailto,https://www.mariettasigns.com,found as mailto; mailto link; email domain matches website; useful contact role
174,BlackFire Signs,Georgia,https://www.blackfiresigns.com,info@blackfiresigns.com,100,cloudflare,https://www.blackfiresigns.com/contact-us/,found as cloudflare; cloudflare-protected email; email domain matches website; useful contact role; found on contact/about-style page
175,Tangerine Sign Studio,Georgia,https://tangerinesigns.com,info@tangerinesigns.com,85,visible,https://tangerinesigns.com,found as visible; visible page text; email domain matches website; useful contact role
177,Keen Signs & Graphics,Georgia,https://www.keensigns.com,tiffany@keensigns.com,85,visible,https://www.keensigns.com/contact.html,found as visible; visible page text; email domain matches website; found on contact/about-style page
178,Signs of Augusta,Georgia,https://signsofaugusta.com,sales@signsofaugusta.com,100,mailto,https://signsofaugusta.com,found as mailto; mailto link; email domain matches website; useful contact role
182,Kzoo Laser LLC,Michigan,https://www.kzoolaser.com/,lasersales@kzoolaser.com,100,mailto,https://www.kzoolaser.com/about-us,found as mailto; mailto link; email domain matches website; found on contact/about-style page
184,PrimeCore Precision,Michigan,https://www.primecoreprecision.com/,info@primecoreprecision.com,95,visible,https://www.primecoreprecision.com/contact,found as visible; visible page text; email domain matches website; useful contact role; found on contact/about-style page
189,FASTSIGNS of Detroit,Michigan,https://www.fastsigns.com/downtown-detroit-mi/,2185@fastsigns.com,100,mailto,https://www.fastsigns.com/downtown-detroit-mi/about-us/,found as mailto; mailto link; email domain matches website; found on contact/about-style page
191,Grand Rapids Sign Company,Michigan,https://grsigncompany.com/,info@grsigncompany.com,100,mailto,https://grsigncompany.com/,found as mailto; mailto link; email domain matches website; useful contact role
195,FASTSIGNS of Lansing,Michigan,https://www.fastsigns.com/lansing-mi/,fastsigns.2399@fastsigns.com,100,mailto,https://www.fastsigns.com/lansing-mi/about-us/,found as mailto; mailto link; email domain matches website; found on contact/about-style page
196,Dimension Graphics,Michigan,https://dimensiongraphics.com/,dime@dimensiongraphics.com,100,mailto,https://dimensiongraphics.com/contact/,found as mailto; mailto link; email domain matches website; found on contact/about-style page
197,Midwest Sign Company,Michigan,https://www.midwestsignco.com/,info@midwestsignco.com,100,mailto,https://www.midwestsignco.com/,found as mailto; mailto link; email domain matches website; useful contact role
198,Superior Sign Group,Michigan,https://superiorsigngroup.com/,info@superiorsigngroup.com,100,mailto,https://superiorsigngroup.com/,found as mailto; mailto link; email domain matches website; useful contact role
199,Grand River Signs,Michigan,https://grandriversigns.com/,signs@grandriversigns.com,85,visible,https://grandriversigns.com/contact-us,found as visible; visible page text; email domain matches website; found on contact/about-style page
20,Sign Design,California,https://www.signdesignoc.com/laser-engraving-and-cutting,keith@signdesignoc.com,100,mailto,https://www.signdesignoc.com/contact,found as mailto; mailto link; email domain matches website; found on contact/about-style page
201,Detroit Signs and Graphics,Michigan,https://detroitsignsandgraphics.com,info@detroitsignsandgraphics.com,100,mailto,https://detroitsignsandgraphics.com,found as mailto; mailto link; email domain matches website; useful contact role
202,Michigan Custom Signs,Michigan,https://michigancustomsigns.com/,info@michigancustomsigns.com,100,mailto,https://michigancustomsigns.com/,found as mailto; mailto link; email domain matches website; useful contact role
203,Phillips Sign & Lighting,Michigan,https://www.phillipssign.com/,sales@phillipssign.com,100,mailto,https://www.phillipssign.com/,found as mailto; mailto link; email domain matches website; useful contact role
205,Imperial Laser,Michigan,https://imperiallaser.com/,data@imperiallaser.com,85,visible,https://imperiallaser.com/quote/,found as visible; visible page text; email domain matches website; found on contact/about-style page
207,Triangle Custom Laser,North Carolina,https://trianglecustomlaser.com,tim@trianglecustomlaser.com,85,visible,https://trianglecustomlaser.com/contact/,found as visible; visible page text; email domain matches website; found on contact/about-style page
209,NC Engravers,North Carolina,https://ncengravers.com,service@ncengravers.com,95,visible,https://ncengravers.com/contact,found as visible; visible page text; email domain matches website; useful contact role; found on contact/about-style page
210,QC Signs & Graphics,North Carolina,https://qcsignscharlotte.com,sales@qcsignscharlotte.com,100,cloudflare,https://qcsignscharlotte.com/contact-us/,found as cloudflare; cloudflare-protected email; email domain matches website; useful contact role; found on contact/about-style page
213,Elite Custom Signs,North Carolina,https://elitecustomsigns.com,info@elitecustomsigns.com,95,visible,https://elitecustomsigns.com/contact/,found as visible; visible page text; email domain matches website; useful contact role; found on contact/about-style page
216,FASTSIGNS of Raleigh,North Carolina,https://www.fastsigns.com/raleigh-nc/,43@fastsigns.com,100,mailto,https://www.fastsigns.com/raleigh-nc/about-us/,found as mailto; mailto link; email domain matches website; found on contact/about-style page
218,Heritage Signs & Displays,North Carolina,https://heritagecustomsigns.com/sign-company-durham-nc.php,sales@heritagecustomsigns.com,100,mailto,https://heritagecustomsigns.com/sign-company-durham-nc.php,found as mailto; mailto link; email domain matches website; useful contact role
226,Tektonics Design Group,Virginia,https://www.tektonics.com,info@tektonics.com,100,mailto,https://www.tektonics.com,found as mailto; mailto link; email domain matches website; useful contact role
227,"Le's Engravers, Inc.",Virginia,https://lesengravers.com,sales@lesengravers.com,100,mailto,https://lesengravers.com,found as mailto; mailto link; email domain matches website; useful contact role
230,JP Laserworks,Virginia,https://jplaserworks.com,jp@jplaserworks.com,85,visible,https://jplaserworks.com/pages/contact,found as visible; visible page text; email domain matches website; found on contact/about-style page
233,Superior Signs,Virginia,https://superiorsignsrva.com,info@superiorsignsrva.com,95,visible,https://superiorsignsrva.com/contact/,found as visible; visible page text; email domain matches website; useful contact role; found on contact/about-style page
235,Admiral Sign Works,Virginia,https://admiralsignworks.com,signs@admiralsignworks.com,100,mailto,https://admiralsignworks.com/about/,found as mailto; mailto link; email domain matches website; found on contact/about-style page
236,FASTSIGNS of Richmond (Downtown),Virginia,https://www.fastsigns.com/downtown-richmond-va/,sales.49@fastsigns.com,100,mailto,https://www.fastsigns.com/downtown-richmond-va/about-us/,found as mailto; mailto link; email domain matches website; found on contact/about-style page
238,Samson Sign Company,New Jersey,https://samsonsign.com/,sales@samsonsign.com,100,mailto,https://samsonsign.com/,found as mailto; mailto link; email domain matches website; useful contact role
246,Performance Trophies & Medals,New Jersey,https://www.ptmedals.com/,orders@ptmedals.com,85,visible,https://www.ptmedals.com/,found as visible; visible page text; email domain matches website; useful contact role
247,Rastermark,Maryland,https://www.epiloglaser.com/contact/us-distributors/pennsylvania/rastermark/,sales@epiloglaser.com,100,mailto,https://www.epiloglaser.com/contact/us-distributors/pennsylvania/rastermark/,found as mailto; mailto link; email domain matches website; useful contact role; found on contact/about-style page
251,FASTSIGNS of Downtown Baltimore,Maryland,https://www.fastsigns.com/downtown-baltimore-md/,591@fastsigns.com,100,mailto,https://www.fastsigns.com/downtown-baltimore-md/about-us/,found as mailto; mailto link; email domain matches website; found on contact/about-style page
256,"FASTSIGNS of Rockville, MD",Maryland,https://www.fastsigns.com/rockville-md/,526@fastsigns.com,100,mailto,https://www.fastsigns.com/rockville-md/about-us/,found as mailto; mailto link; email domain matches website; found on contact/about-style page
258,ShieldCo Art,Maryland,https://shieldcoart.com/locations/rockville-maryland,julie@shieldcoart.com,100,mailto,https://shieldcoart.com/contact/,found as mailto; mailto link; email domain matches website; found on contact/about-style page
260,FASTSIGNS of Annapolis,Maryland,https://www.fastsigns.com/annapolis-md/,527@fastsigns.com,100,mailto,https://www.fastsigns.com/annapolis-md/about-us/,found as mailto; mailto link; email domain matches website; found on contact/about-style page
261,Signs By Tomorrow of Annapolis,Maryland,https://www.signsbytomorrow.com/annapolis/,annapolis@signsbytomorrow.com,100,mailto,https://www.signsbytomorrow.com/annapolis/sign-company-contact,found as mailto; mailto link; email domain matches website; found on contact/about-style page
266,DC Laser,Maryland,https://www.dclsr.com/,doug@dclsr.com,100,mailto,https://www.dclsr.com/contact,found as mailto; mailto link; email domain matches website; found on contact/about-style page
270,Rader's Engraving,Massachusetts,http://www.engraving.cc,info@engraving.cc,100,mailto,http://www.engraving.cc,found as mailto; mailto link; email domain matches website; useful contact role
272,AlphaGraphics Boston Downtown,Massachusetts,https://www.alphagraphics.com/us-massachusetts-boston-us541,boston@alphagraphics.com,100,mailto,https://www.alphagraphics.com/us-massachusetts-boston-us541/contact-us,found as mailto; mailto link; email domain matches website; found on contact/about-style page
273,Bryan's Design,Massachusetts,https://bryansdesign.net,sales@bryansdesign.net,100,mailto,https://bryansdesign.net,found as mailto; mailto link; email domain matches website; useful contact role
274,SC Lasersmith,Massachusetts,https://www.sclasersmith.com,info@sclasersmith.com,100,mailto,https://www.sclasersmith.com,found as mailto; mailto link; email domain matches website; useful contact role
275,Digital Events Inc.,Massachusetts,https://www.digitaleventsinc.com/boston-events-on-site-laser-engraving/,info@digitaleventsinc.com,100,mailto,https://www.digitaleventsinc.com/boston-events-on-site-laser-engraving/,found as mailto; mailto link; email domain matches website; useful contact role
288,Northwest Laser Systems,Washington,https://nwlasers.com/,jenifer@nwlasers.com,100,mailto,https://nwlasers.com/contact/,found as mailto; mailto link; email domain matches website; found on contact/about-style page
291,Tacoma Trophy,Washington,https://tacomatrophy.com/,dj@tacomatrophy.com,90,mailto,https://tacomatrophy.com/,found as mailto; mailto link; email domain matches website
295,Plumb Signs,Washington,https://www.plumbsigns.com/,info@plumbsigns.com,100,mailto,https://www.plumbsigns.com/,found as mailto; mailto link; email domain matches website; useful contact role
296,FASTSIGNS of Downtown Seattle,Washington,https://www.fastsigns.com/downtown-seattle-wa/,206@fastsigns.com,100,mailto,https://www.fastsigns.com/downtown-seattle-wa/about-us/,found as mailto; mailto link; email domain matches website; found on contact/about-style page
299,FASTSIGNS of Seattle - University District,Washington,https://www.fastsigns.com/seattle-wa-university/,2067@fastsigns.com,100,mailto,https://www.fastsigns.com/seattle-wa-university/about-us/,found as mailto; mailto link; email domain matches website; found on contact/about-style page
302,FASTSIGNS of Bellevue,Washington,https://www.fastsigns.com/bellevue-wa/,106@fastsigns.com,100,mailto,https://www.fastsigns.com/bellevue-wa/about-us/,found as mailto; mailto link; email domain matches website; found on contact/about-style page
306,National Sign Corporation - Bellevue,Washington,https://www.nationalsigncorp.com/sign-company-bellevue-wa/,info@nationalsigncorp.com,100,mailto,https://www.nationalsigncorp.com/contact-us/,found as mailto; mailto link; email domain matches website; useful contact role; found on contact/about-style page
307,Clearway Signs,Washington,https://clearwaysigns.com/custom-commercial-signs-bellevue/,info@clearwaysigns.com,95,visible,https://clearwaysigns.com/contact/,found as visible; visible page text; email domain matches website; useful contact role; found on contact/about-style page
310,Recognition Avenue,Washington,https://recognitionavenue.com/awards-and-engraving/,info@recognitionavenue.com,100,mailto,https://recognitionavenue.com/contact,found as mailto; mailto link; email domain matches website; useful contact role; found on contact/about-style page
311,Innovative Cutting Systems,Arizona,https://www.innovativecuttingsystems.com,cindy@innovativecuttingsystems.com,100,mailto,https://www.innovativecuttingsystems.com/request-info/contact-us.htm,found as mailto; mailto link; email domain matches website; found on contact/about-style page
313,A to Z Engraving,Arizona,https://engravingaz.com,info@engravingaz.com,100,mailto,https://engravingaz.com,found as mailto; mailto link; email domain matches website; useful contact role
314,Plastifab Inc,Arizona,https://plastifab.net,create@plastifab.net,100,mailto,https://plastifab.net/contact-us/,found as mailto; mailto link; email domain matches website; found on contact/about-style page
316,Bazzill Engraving Company,Arizona,https://bazzillengraving.com,sam@bazzillengraving.com,100,mailto,http://bazzillengraving.com/contact/,found as mailto; mailto link; email domain matches website; found on contact/about-style page
317,L4 Laser Engraving,Arizona,https://l4laserengraving.com,create@l4laserengraving.com,85,visible,https://l4laserengraving.com/contact/,found as visible; visible page text; email domain matches website; found on contact/about-style page
319,AZ Industrial Lasers,Arizona,https://azindustriallasers.com,sales@azindustriallasers.com,100,mailto,https://azindustriallasers.com,found as mailto; mailto link; email domain matches website; useful contact role
323,"Addisigns, Inc.",Arizona,https://addisigns.com,sales@addisigns.com,100,mailto,https://addisigns.com,found as mailto; mailto link; email domain matches website; useful contact role
324,Cook & Company Sign Makers,Arizona,https://www.cooksigns.com,csr@cooksigns.com,100,mailto,https://www.cooksigns.com/contact-us,found as mailto; mailto link; email domain matches website; found on contact/about-style page
325,Double T Signs,Arizona,https://doubletsigns.com,info@doubletsigns.com,100,mailto,https://doubletsigns.com,found as mailto; mailto link; email domain matches website; useful contact role
326,Monster Signs LLC,Arizona,https://monstersignsllc.com,brad@monstersignsllc.com,100,mailto,https://monstersignsllc.com/contact.php,found as mailto; mailto link; email domain matches website; found on contact/about-style page
328,FASTSIGNS of Tucson,Arizona,https://www.fastsigns.com/oracle-tucson-az/,187@fastsigns.com,100,mailto,https://www.fastsigns.com/oracle-tucson-az/about-us/,found as mailto; mailto link; email domain matches website; found on contact/about-style page
331,Phoenix Sign Studio,Arizona,https://www.phoenixsignstudio.com,info@phoenixsignstudio.com,100,mailto,https://www.phoenixsignstudio.com,found as mailto; mailto link; email domain matches website; useful contact role
334,"Mile High Laser Engraving, LLC",Colorado,https://milehighlaserengraving.com,info@milehighlaserengraving.com,100,mailto,https://milehighlaserengraving.com,found as mailto; mailto link; email domain matches website; useful contact role
341,"Engraved., LLC",Colorado,https://engravedcompany.com,orders@engravedcompany.com,95,visible,https://engravedcompany.com/pages/contact-engraved,found as visible; visible page text; email domain matches website; useful contact role; found on contact/about-style page
346,Epilog Laser Corp,Colorado,https://www.epiloglaser.com,sales@epiloglaser.com,95,visible,https://www.epiloglaser.com/en-uk/contact/events/,found as visible; visible page text; email domain matches website; useful contact role; found on contact/about-style page
350,RiNo Sign Works,Colorado,https://rinosignworks.com,sales@rinosignworks.com,95,visible,https://rinosignworks.com/get-a-quote,found as visible; visible page text; email domain matches website; useful contact role; found on contact/about-style page
351,Summit Graphics,Colorado,https://www.summit-graphics.com,csr@summit-graphics.com,100,mailto,https://www.summit-graphics.com/contact-denver-wrap-shop,found as mailto; mailto link; email domain matches website; found on contact/about-style page
352,SignDealz,Colorado,https://www.signdealz.com/boulder-sign-company-business-commercial-signs-colorado,sales@signdealz.com,100,mailto,https://www.signdealz.com/contactus,found as mailto; mailto link; email domain matches website; useful contact role; found on contact/about-style page
353,Fat Bison,Colorado,https://www.fatbison.com/custom-signs-colorado/,info@fatbison.com,100,mailto,https://www.fatbison.com/contact/,found as mailto; mailto link; email domain matches website; useful contact role; found on contact/about-style page
358,Callaghan Engraving,Tennessee,https://www.callaghanengraving.com,team@callaghanengraving.com,90,mailto,https://www.callaghanengraving.com,found as mailto; mailto link; email domain matches website
359,Highland Rim Engraving LLC,Tennessee,https://hrengraving.com,service@hrengraving.com,100,mailto,https://hrengraving.com,found as mailto; mailto link; email domain matches website; useful contact role
363,FASTSIGNS of Nashville,Tennessee,https://www.fastsigns.com/south-nashville-tn/,110@fastsigns.com,100,mailto,https://www.fastsigns.com/south-nashville-tn/about-us/,found as mailto; mailto link; email domain matches website; found on contact/about-style page
364,Signworks Memphis,Tennessee,https://www.signworksmemphis.com,info@signworksmemphis.com,95,visible,https://www.signworksmemphis.com/contact,found as visible; visible page text; email domain matches website; useful contact role; found on contact/about-style page
366,Williams Sign Company,Tennessee,https://w-signs.com,office@w-signs.com,100,mailto,https://w-signs.com,found as mailto; mailto link; email domain matches website; useful contact role
371,Think Signs Memphis,Tennessee,https://www.thinksignsmemphis.com,jason@thinksignsmemphis.com,90,mailto,https://www.thinksignsmemphis.com,found as mailto; mailto link; email domain matches website
373,Bye Engraving Inc,Oregon,https://www.byeengraving.com,darla@byeengraving.com,100,mailto,https://www.byeengraving.com/contact,found as mailto; mailto link; email domain matches website; found on contact/about-style page
374,MC Laser Labs,Oregon,https://www.mclaserlabs.com,marshall@mclaserlabs.com,100,mailto,https://www.mclaserlabs.com/contact-1,found as mailto; mailto link; email domain matches website; found on contact/about-style page
375,"Weigel's Custom Laser Engraving, Inc.",Oregon,https://weigelslaser.com,hello@weigelslaser.com,100,mailto,https://weigelslaser.com,found as mailto; mailto link; email domain matches website; useful contact role
376,Profile Laser (Roy Manufacturing),Oregon,https://profilelaser.com,sales@profilelaser.com,100,mailto,https://profilelaser.com,found as mailto; mailto link; email domain matches website; useful contact role
378,"Cascade Engraving & Awards, LLC",Oregon,https://www.cascadeengraving.com,info@cascadeengraving.com,100,mailto,https://www.cascadeengraving.com,found as mailto; mailto link; email domain matches website; useful contact role
381,Bend Laser,Oregon,https://www.bend-laser.com,info@bend-laser.com,100,mailto,https://www.bend-laser.com/contact,found as mailto; mailto link; email domain matches website; useful contact role; found on contact/about-style page
385,SignCraft Signs,Oregon,https://www.signcraftpdx.com,info@signcraftpdx.com,95,visible,https://www.signcraftpdx.com/locations/,found as visible; visible page text; email domain matches website; useful contact role; found on contact/about-style page
387,SignCraft Signs PDX,Oregon,https://www.signcraftpdx.com,info@signcraftpdx.com,95,visible,https://www.signcraftpdx.com/locations/,found as visible; visible page text; email domain matches website; useful contact role; found on contact/about-style page
393,Visibility Signs & Graphics,Utah,https://visibilitysign.com,brock@visibilitysign.com,100,mailto,https://visibilitysign.com/team/,found as mailto; mailto link; email domain matches website; found on contact/about-style page
394,YESCO,Utah,https://www.yesco.com/saltlakecity/,bsaunders@yesco.com,100,mailto,https://www.yesco.com/saltlakecity/billboards/contacts/,found as mailto; mailto link; email domain matches website; found on contact/about-style page
397,Sign Pro Utah,Utah,https://www.signproutah.com,info@signproutah.com,95,visible,https://www.signproutah.com/contact-us,found as visible; visible page text; email domain matches website; useful contact role; found on contact/about-style page
404,EtchCraft Laser,Utah,https://www.etchcraftlaser.com,steve@etchcraftlaser.com,100,mailto,https://www.etchcraftlaser.com/pages/contact,found as mailto; mailto link; email domain matches website; found on contact/about-style page
406,Gray Skunk Inc,Utah,https://www.grayskunk.com,info@grayskunk.com,95,visible,https://www.grayskunk.com/contact,found as visible; visible page text; email domain matches website; useful contact role; found on contact/about-style page
409,Lomax Laser Service,Nevada,https://www.lomaxlaser.com,sales@lomaxlaser.com,100,mailto,https://www.lomaxlaser.com,found as mailto; mailto link; email domain matches website; useful contact role
410,MKV Customs,Nevada,https://mkvcustoms.com,support@mkvcustoms.com,85,visible,https://mkvcustoms.com,found as visible; visible page text; email domain matches website; useful contact role
411,Philippi Family Customs,Nevada,https://pfcreno.com,info@pfcreno.com,100,mailto,https://pfcreno.com,found as mailto; mailto link; email domain matches website; useful contact role
413,BVW Jewelers,Nevada,https://www.bvwjewelers.com,sales@bvwjewelers.com,100,mailto,https://www.bvwjewelers.com,found as mailto; mailto link; email domain matches website; useful contact role
414,Lazer Ladies,Nevada,https://www.lazerladies.com,sales@lazerladies.com,95,visible,https://www.lazerladies.com/pages/contact-us,found as visible; visible page text; email domain matches website; useful contact role; found on contact/about-style page
417,YESCO,Nevada,https://www.yesco.com/lasvegas/,bsaunders@yesco.com,100,mailto,https://www.yesco.com/lasvegas/billboards/contacts/,found as mailto; mailto link; email domain matches website; found on contact/about-style page
418,Patrick's Signs,Nevada,https://www.patrickssigns.com,c_iliano@patrickssigns.com,100,mailto,https://www.patrickssigns.com/contact/,found as mailto; mailto link; email domain matches website; found on contact/about-style page
419,FASTSIGNS of Las Vegas (Northwest),Nevada,https://www.fastsigns.com/northwest-las-vegas-nv/,2304@fastsigns.com,100,mailto,https://www.fastsigns.com/northwest-las-vegas-nv/about-us/,found as mailto; mailto link; email domain matches website; found on contact/about-style page
420,FASTSIGNS of Reno,Nevada,https://www.fastsigns.com/reno-nv/,84@fastsigns.com,100,mailto,https://www.fastsigns.com/reno-nv/about-us/,found as mailto; mailto link; email domain matches website; found on contact/about-style page
421,Sign Centers,Nevada,https://signcenters.com/,info@signcenters.com,100,mailto,https://signcenters.com/contact-us/,found as mailto; mailto link; email domain matches website; useful contact role; found on contact/about-style page
422,Rapid Color,Nevada,https://rapidcolor.com/sign-company-las-vegas/,admin@rapidcolor.com,100,mailto,https://rapidcolor.com/sign-company-las-vegas/,found as mailto; mailto link; email domain matches website; useful contact role
424,Signs By Tomorrow Reno,Nevada,https://www.signsbytomorrow.com/renosouth,renosouth@signsbytomorrow.com,100,mailto,https://www.signsbytomorrow.com/renosouth/sign-company-contact,found as mailto; mailto link; email domain matches website; found on contact/about-style page
425,SilverBlu Signs & Media,Nevada,https://www.signsreno.com/,info@signsreno.com,100,mailto,https://www.signsreno.com/,found as mailto; mailto link; email domain matches website; useful contact role
432,ISF Signs,Indiana,https://www.isfsigns.com/,info@isfsigns.com,100,mailto,https://www.isfsigns.com/contact/,found as mailto; mailto link; email domain matches website; useful contact role; found on contact/about-style page
439,Northern Laser Systems,Wisconsin,https://www.epiloglaser.com/contact/us-distributors/wisconsin/northern-laser-systems/,sales@epiloglaser.com,100,mailto,https://www.epiloglaser.com/contact/us-distributors/wisconsin/northern-laser-systems/,found as mailto; mailto link; email domain matches website; useful contact role; found on contact/about-style page
440,Laser Cutting Inc.,Wisconsin,https://www.lasercuttinginc.us/,info@lasercuttinginc.us,100,mailto,https://www.lasercuttinginc.us/,found as mailto; mailto link; email domain matches website; useful contact role
441,LaserScrib,Wisconsin,https://www.laserscrib.com/,laserscrib@laserscrib.com,85,visible,https://www.laserscrib.com/contact.html,found as visible; visible page text; email domain matches website; found on contact/about-style page
445,Wisconsin Engraving,Wisconsin,https://www.wi-engraving.com/,engineering@wi-engraving.com,100,mailto,https://www.wi-engraving.com/contact/,found as mailto; mailto link; email domain matches website; found on contact/about-style page
45,Halsey Manufacturing,Texas,https://halseymfg.com/laser-engraving.html,sales@halseymfg.com,100,mailto,https://halseymfg.com/contact.html,found as mailto; mailto link; email domain matches website; useful contact role; found on contact/about-style page
451,Impression Signs and Graphics,Minnesota,https://impressionsigns.com/,info@impressionsigns.com,100,mailto,https://impressionsigns.com/contact.php,found as mailto; mailto link; email domain matches website; useful contact role; found on contact/about-style page
457,American Graphics & Installations,Iowa,https://agidsm.com/product/engraving/,info@agidsm.com,100,cloudflare,https://agidsm.com/contact-us/,found as cloudflare; cloudflare-protected email; email domain matches website; useful contact role; found on contact/about-style page
46,Signs Visual of Los Angeles,California,https://www.signs-la.com,info@signs-la.com,100,mailto,https://www.signs-la.com,found as mailto; mailto link; email domain matches website; useful contact role
462,Lee Reed Engraving,Kansas,https://www.leereedengraving.com/,info@leereedengraving.com,100,mailto,https://www.leereedengraving.com/,found as mailto; mailto link; email domain matches website; useful contact role
465,"Awards, Plaques, Trophies, Etc.",Kentucky,https://www.awardslouky.com/custom-engraving,sales@awardslouky.com,100,cloudflare,https://www.awardslouky.com/contact-us,found as cloudflare; cloudflare-protected email; email domain matches website; useful contact role; found on contact/about-style page
469,Signature Signs,Kentucky,http://signaturesigns.com/,info@signaturesigns.com,100,mailto,http://signaturesigns.com/,found as mailto; mailto link; email domain matches website; useful contact role
48,LA Sign Company,California,https://www.lasignco.com,info@lasignco.com,100,mailto,https://www.lasignco.com/about-us/,found as mailto; mailto link; email domain matches website; useful contact role; found on contact/about-style page
485,rednug LLC,Oklahoma,https://www.rednug.llc/,kevin@rednug.llc,90,mailto,https://www.rednug.llc/,found as mailto; mailto link; email domain matches website
486,Alpha Awards & Engraving,Oklahoma,https://alphaawardstulsa.com/,info@alphaawardstulsa.com,100,mailto,https://alphaawardstulsa.com/contact-us/,found as mailto; mailto link; email domain matches website; useful contact role; found on contact/about-style page
496,Signs of Montana,Montana,https://www.signsofmontana.com/,sales@signsofmontana.com,95,visible,https://www.signsofmontana.com/contact,found as visible; visible page text; email domain matches website; useful contact role; found on contact/about-style page
503,Jim's Trophy Room,Idaho,https://jimstrophy.com/,orders@jimstrophy.com,100,mailto,https://jimstrophy.com/contact,found as mailto; mailto link; email domain matches website; useful contact role; found on contact/about-style page
512,Alaska Serigraphics,Alaska,https://akserigraphics.com/services/laser.engraving/,sales@akserigraphics.com,100,cloudflare,https://akserigraphics.com/services/laser.engraving/,found as cloudflare; cloudflare-protected email; email domain matches website; useful contact role; found on contact/about-style page
53,Laser Marking Services,California,https://www.lasermarkingsvs.com,info@lasermarkingsvs.com,100,mailto,https://www.lasermarkingsvs.com,found as mailto; mailto link; email domain matches website; useful contact role
531,Signature Signs,Missouri,https://signaturesigns-stl.com/products-services/laser-engraving/,sales@signaturesigns-stl.com,95,visible,https://signaturesigns-stl.com/contact-us/,found as visible; visible page text; email domain matches website; useful contact role; found on contact/about-style page
54,RMS Laser Group,California,https://rmslaser-group.com,sales@rmslaser-group.com,100,mailto,https://rmslaser-group.com,found as mailto; mailto link; email domain matches website; useful contact role
543,Rainbow Creations,Rhode Island,https://rainbowcreations.com/,sales@rainbowcreations.com,95,visible,https://rainbowcreations.com/contact-us/,found as visible; visible page text; email domain matches website; useful contact role; found on contact/about-style page
547,Vermont Awards & Engraving,Vermont,https://vermontawards.com/,info@vermontawards.com,100,mailto,https://vermontawards.com/contact,found as mailto; mailto link; email domain matches website; useful contact role; found on contact/about-style page
55,My Sign,California,https://mysign.ms,info@mysign.ms,100,mailto,https://mysign.ms/contact,found as mailto; mailto link; email domain matches website; useful contact role; found on contact/about-style page
550,Emblazon Sign Company,West Virginia,https://emblazonsignco.com/services/engraving/,zach@emblazonsignco.com,95,cloudflare,https://emblazonsignco.com/contact-us,found as cloudflare; cloudflare-protected email; email domain matches website; found on contact/about-style page
58,CalSigns,California,https://www.mycalsigns.com,info@mycalsigns.com,85,visible,https://www.mycalsigns.com,found as visible; visible page text; email domain matches website; useful contact role
59,Pacific Sign Center,California,https://www.pacificsigncenter.com,ohan@pacificsigncenter.com,100,mailto,https://www.pacificsigncenter.com/contact-custom-signs-company.php,found as mailto; mailto link; email domain matches website; found on contact/about-style page
61,Signs By Tomorrow,California,https://www.signsbytomorrow.com/sacramento,sacramento@signsbytomorrow.com,100,mailto,https://www.signsbytomorrow.com/sacramento/sign-company-contact,found as mailto; mailto link; email domain matches website; found on contact/about-style page
62,Signa Digital Solutions,California,https://gosigna.com,info@gosigna.com,100,cloudflare,https://gosigna.com/contact/,found as cloudflare; cloudflare-protected email; email domain matches website; useful contact role; found on contact/about-style page
63,Houston Sign Company,Texas,https://houstonsign.com,info@houstonsign.com,100,mailto,https://houstonsign.com/contact-us,found as mailto; mailto link; email domain matches website; useful contact role; found on contact/about-style page
64,Red Bolt Laser Engraving,Texas,https://redboltlaser.com,sales@redboltlaser.com,95,visible,https://redboltlaser.com/contact-us/,found as visible; visible page text; email domain matches website; useful contact role; found on contact/about-style page
66,Fire Light Laser,Texas,https://www.firelightlaser.com,sales@firelightlaser.com,100,mailto,https://www.firelightlaser.com,found as mailto; mailto link; email domain matches website; useful contact role
67,Austin Etching Services,Texas,https://www.austinetching.com,art@austinetching.com,85,visible,https://www.austinetching.com/contact,found as visible; visible page text; email domain matches website; found on contact/about-style page
69,AlphaGraphics Central Austin,Texas,https://www.alphagraphics.com/us-texas-austin-us629/laser-etching,cory@alphagraphics.com,100,mailto,https://www.alphagraphics.com/us-texas-austin-us629/about-us,found as mailto; mailto link; email domain matches website; found on contact/about-style page
75,Miami Laser Engraving,Florida,https://www.miamilaserengraving.com,hello@miamilaserengraving.com,100,mailto,https://www.miamilaserengraving.com,found as mailto; mailto link; email domain matches website; useful contact role
76,Custom Laser Engraving,Florida,https://www.customlaserengraving.io,jg@customlaserengraving.io,85,visible,https://www.customlaserengraving.io/contact,found as visible; visible page text; email domain matches website; found on contact/about-style page
77,Signs Visual of Miami,Florida,https://www.miamisigns.com,info@miamisigns.com,100,mailto,https://www.miamisigns.com/contact,found as mailto; mailto link; email domain matches website; useful contact role; found on contact/about-style page
82,GLG Art Custom Engraving,Florida,https://glgart.com,orders@glgart.com,100,mailto,https://glgart.com,found as mailto; mailto link; email domain matches website; useful contact role
84,Southlake Signs Tampa,Florida,https://southlakesignstampa.com,ron@southlakesignstampa.com,95,cloudflare,https://southlakesignstampa.com/about-us/,found as cloudflare; cloudflare-protected email; email domain matches website; found on contact/about-style page
88,Orlando Laser Shop,Florida,https://orlandolasershop.com,contact@orlandolasershop.com,100,mailto,https://orlandolasershop.com,found as mailto; mailto link; email domain matches website; useful contact role
89,Signs By Tomorrow Jacksonville,Florida,https://www.signsbytomorrow.com/jacksonvillefl,jacksonvillefl@signsbytomorrow.com,100,mailto,https://www.signsbytomorrow.com/jacksonvillefl/sign-company-contact,found as mailto; mailto link; email domain matches website; found on contact/about-style page
91,Signs By Tomorrow West Palm Beach,Florida,https://www.signsbytomorrow.com/wpb,jazmine.ortiz@signsbytomorrow.com,100,mailto,https://www.signsbytomorrow.com/wpb/sign-company-team,found as mailto; mailto link; email domain matches website; found on contact/about-style page
92,West Palm Beach Signs,Florida,https://wpbsignsfl.com,info@wpbsignsfl.com,95,visible,https://wpbsignsfl.com/contact.php,found as visible; visible page text; email domain matches website; useful contact role; found on contact/about-style page
95,Custom Signs Today,Florida,https://customsignstoday.us,contact@customsignstoday.us,95,visible,https://customsignstoday.us/contact-us/,found as visible; visible page text; email domain matches website; useful contact role; found on contact/about-style page
96,Industrial Laser Supply,New York,https://www.epiloglaser.com/contact/us-distributors/connecticut/industrial-laser-supply/,sales@epiloglaser.com,100,mailto,https://www.epiloglaser.com/contact/us-distributors/connecticut/industrial-laser-supply/,found as mailto; mailto link; email domain matches website; useful contact role; found on contact/about-style page
