company,state,category,website,email,phone,address
Custom Crafted Engraving,Alberta,Engraver,https://customcrafted.ca/,info@customcrafted.ca,,"Alberta, Canada"
Grafix Media,Alberta,Engraver,https://grafix-media.ca/,estimator@grafix-media.ca,,"Alberta, Canada"
Solocraft,Alberta,Engraver,https://solocraft.ca/,larry@solocraft.ca,,"Alberta, Canada"
FabLab Vancouver,British Columbia,Engraver,https://fablabvan.ca/,info@fablabvan.ca,,"British Columbia, Canada"
B&B Trophy Shack / CM Engrave,Manitoba,Engraver,https://cmengrave.ca/,office@cmengrave.ca,,"Manitoba, Canada"
Laser24,Nova Scotia,Engraver,https://laser24.ca/,info@laser24.ca,,"Nova Scotia, Canada"
EurekaTec,Nova Scotia,Sign Company,https://eurekatec.ca/,info@eurekatec.ca,,"Nova Scotia, Canada"
Archer Laser,Ontario,Engraver,https://archerlaser.ca/,contact@archerlaser.ca,,"Ontario, Canada"
Woodgrain Ottawa,Ontario,Engraver,https://woodgrainottawa.ca/,lauchlin@woodgrainottawa.ca,,"Ontario, Canada"
Zenith CNC Laser,Ontario,Engraver,https://zenithcnclaser.com/,info@zenithcnclaser.com,,"Ontario, Canada"
iCanLaser,Ontario,Engraver,https://icanlaser.com/,contact@icanlaser.com,,"Ontario, Canada"
Store of Signs,Ontario,Sign Company,https://storeofsigns.com/,hello@storeofsigns.com,,"Ontario, Canada"
Elite Graphic Design,Quebec,Engraver,https://elitegraphicdesign.com/,info@elitegraphicdesign.com,,"Quebec, Canada"
LaserArt MTL,Quebec,Engraver,https://laserartmtl.ca/,info@laserartmtl.ca,,"Quebec, Canada"
Robocut Studio,Quebec,Engraver,https://robocutstudio.com/,info@robocutstudio.com,,"Quebec, Canada"
Laser Impressions Sign Studio,Saskatchewan,Sign Company,https://laserimpressions.ca/,info@laserimpressions.ca,,"Saskatchewan, Canada"
